,Actual,Prediction
0,Neutral,Positive
1,Neutral,Neutral
2,Negative,Negative
3,Neutral,Neutral
4,Neutral,Neutral
5,Negative,Negative
6,Neutral,Neutral
7,Neutral,Neutral
8,Neutral,Positive
9,Neutral,Negative
10,Positive,Positive
11,Neutral,Neutral
12,Positive,Neutral
13,Negative,Neutral
14,Negative,Neutral
15,Positive,Positive
16,Positive,Neutral
17,Neutral,Neutral
18,Negative,Positive
19,Negative,Neutral
20,Negative,Positive
21,Positive,Positive
22,Negative,Negative
23,Neutral,Neutral
24,Positive,Positive
25,Neutral,Neutral
26,Positive,Positive
27,Neutral,Neutral
28,Negative,Neutral
29,Neutral,Neutral
30,Neutral,Neutral
31,Negative,Neutral
32,Neutral,Neutral
33,Negative,Neutral
34,Neutral,Neutral
35,Positive,Neutral
36,Neutral,Neutral
37,Negative,Neutral
38,Positive,Neutral
39,Positive,Neutral
40,Negative,Neutral
41,Positive,Neutral
42,Positive,Neutral
43,Neutral,Neutral
44,Neutral,Neutral
45,Positive,Neutral
46,Positive,Positive
47,Neutral,Neutral
48,Negative,Neutral
49,Negative,Neutral
50,Positive,Positive
51,Positive,Neutral
52,Negative,Neutral
53,Neutral,Neutral
54,Positive,Neutral
55,Positive,Neutral
56,Negative,Neutral
57,Negative,Neutral
58,Neutral,Neutral
59,Negative,Negative
60,Neutral,Neutral
61,Neutral,Neutral
62,Positive,Positive
63,Positive,Positive
64,Positive,Positive
65,Positive,Positive
66,Positive,Neutral
67,Negative,Neutral
68,Neutral,Negative
69,Positive,Positive
70,Positive,Positive
71,Positive,Neutral
72,Positive,Positive
73,Negative,Neutral
74,Positive,Neutral
75,Neutral,Neutral
76,Negative,Negative
77,Neutral,Neutral
78,Neutral,Neutral
79,Neutral,Neutral
80,Neutral,Negative
81,Neutral,Neutral
82,Neutral,Neutral
83,Positive,Positive
84,Neutral,Neutral
85,Negative,Positive
86,Neutral,Negative
87,Neutral,Positive
88,Negative,Neutral
89,Negative,Neutral
90,Negative,Neutral
91,Positive,Neutral
92,Neutral,Neutral
93,Neutral,Neutral
94,Neutral,Neutral
95,Neutral,Neutral
96,Neutral,Neutral
97,Positive,Neutral
98,Positive,Neutral
99,Neutral,Neutral
100,Neutral,Neutral
101,Neutral,Neutral
102,Negative,Neutral
103,Negative,Neutral
104,Negative,Neutral
105,Neutral,Neutral
106,Negative,Neutral
107,Positive,Positive
108,Neutral,Neutral
109,Neutral,Neutral
110,Negative,Positive
111,Neutral,Neutral
112,Negative,Neutral
113,Negative,Neutral
114,Negative,Negative
115,Neutral,Neutral
116,Neutral,Neutral
117,Negative,Negative
118,Negative,Neutral
119,Neutral,Neutral
120,Negative,Neutral
121,Negative,Neutral
122,Positive,Neutral
123,Neutral,Neutral
124,Positive,Positive
125,Neutral,Negative
126,Neutral,Neutral
127,Positive,Neutral
128,Neutral,Neutral
129,Neutral,Neutral
130,Neutral,Neutral
131,Positive,Neutral
132,Neutral,Neutral
133,Negative,Neutral
134,Neutral,Neutral
135,Positive,Neutral
136,Negative,Negative
137,Negative,Negative
138,Neutral,Neutral
139,Neutral,Neutral
140,Negative,Neutral
141,Negative,Negative
142,Neutral,Neutral
143,Negative,Neutral
144,Neutral,Neutral
145,Negative,Neutral
146,Neutral,Neutral
147,Positive,Neutral
148,Neutral,Neutral
149,Negative,Neutral
150,Positive,Neutral
151,Negative,Negative
152,Positive,Neutral
153,Neutral,Neutral
154,Positive,Neutral
155,Positive,Neutral
156,Neutral,Neutral
157,Neutral,Neutral
158,Positive,Neutral
159,Negative,Neutral
160,Neutral,Neutral
161,Negative,Neutral
162,Neutral,Neutral
163,Neutral,Neutral
164,Positive,Neutral
165,Neutral,Neutral
166,Negative,Neutral
167,Neutral,Neutral
168,Negative,Neutral
169,Neutral,Neutral
170,Neutral,Neutral
171,Negative,Neutral
172,Negative,Neutral
173,Negative,Positive
174,Negative,Negative
175,Positive,Neutral
176,Negative,Neutral
177,Negative,Negative
178,Negative,Negative
179,Neutral,Negative
180,Negative,Neutral
181,Negative,Neutral
182,Negative,Neutral
183,Negative,Negative
184,Negative,Neutral
185,Neutral,Neutral
186,Neutral,Positive
187,Neutral,Neutral
188,Negative,Negative
189,Neutral,Negative
190,Negative,Negative
191,Positive,Positive
192,Negative,Neutral
193,Negative,Neutral
194,Negative,Neutral
195,Negative,Neutral
196,Negative,Positive
197,Negative,Positive
198,Positive,Neutral
199,Negative,Neutral
200,Negative,Neutral
201,Negative,Neutral
202,Negative,Neutral
203,Neutral,Neutral
204,Negative,Neutral
205,Negative,Negative
206,Neutral,Neutral
207,Negative,Neutral
208,Negative,Neutral
209,Negative,Neutral
210,Neutral,Neutral
211,Negative,Neutral
212,Neutral,Negative
213,Neutral,Neutral
214,Negative,Neutral
215,Neutral,Neutral
216,Neutral,Neutral
217,Neutral,Neutral
218,Negative,Neutral
219,Neutral,Neutral
220,Neutral,Neutral
221,Negative,Negative
222,Neutral,Negative
223,Neutral,Neutral
224,Neutral,Neutral
225,Neutral,Neutral
226,Positive,Positive
227,Neutral,Neutral
228,Neutral,Neutral
229,Positive,Neutral
230,Neutral,Neutral
231,Neutral,Neutral
232,Neutral,Neutral
233,Neutral,Neutral
234,Neutral,Neutral
235,Neutral,Neutral
236,Positive,Neutral
237,Neutral,Neutral
238,Positive,Neutral
239,Positive,Neutral
240,Negative,Neutral
241,Positive,Neutral
242,Neutral,Neutral
243,Neutral,Neutral
244,Neutral,Neutral
245,Neutral,Neutral
246,Neutral,Neutral
247,Neutral,Neutral
248,Neutral,Neutral
249,Positive,Neutral
250,Negative,Neutral
251,Positive,Neutral
252,Positive,Positive
253,Neutral,Neutral
254,Positive,Positive
255,Neutral,Neutral
256,Positive,Positive
257,Negative,Neutral
258,Neutral,Neutral
259,Positive,Neutral
260,Positive,Neutral
261,Neutral,Neutral
262,Neutral,Neutral
263,Neutral,Neutral
264,Positive,Neutral
265,Positive,Neutral
266,Negative,Neutral
267,Positive,Neutral
268,Negative,Neutral
269,Negative,Neutral
270,Neutral,Positive
271,Neutral,Neutral
272,Neutral,Neutral
273,Positive,Neutral
274,Positive,Positive
275,Negative,Neutral
276,Negative,Neutral
277,Neutral,Neutral
278,Neutral,Neutral
279,Neutral,Neutral
280,Positive,Positive
281,Neutral,Neutral
282,Positive,Neutral
283,Negative,Neutral
284,Neutral,Neutral
285,Neutral,Neutral
286,Positive,Neutral
287,Negative,Neutral
288,Neutral,Neutral
289,Positive,Positive
290,Positive,Neutral
291,Neutral,Neutral
292,Neutral,Neutral
293,Positive,Neutral
294,Neutral,Neutral
295,Negative,Neutral
296,Neutral,Positive
297,Neutral,Neutral
298,Neutral,Neutral
299,Neutral,Neutral
300,Positive,Neutral
301,Neutral,Neutral
302,Neutral,Neutral
303,Neutral,Neutral
304,Positive,Neutral
305,Neutral,Neutral
306,Positive,Neutral
307,Neutral,Neutral
308,Negative,Neutral
309,Negative,Neutral
310,Neutral,Neutral
311,Neutral,Neutral
312,Neutral,Neutral
313,Neutral,Positive
314,Positive,Neutral
315,Negative,Neutral
316,Neutral,Neutral
317,Positive,Neutral
318,Positive,Positive
319,Neutral,Neutral
320,Neutral,Neutral
321,Positive,Neutral
322,Positive,Neutral
323,Positive,Neutral
324,Positive,Negative
325,Negative,Neutral
326,Positive,Neutral
327,Neutral,Neutral
328,Positive,Neutral
329,Positive,Neutral
330,Positive,Neutral
331,Neutral,Positive
332,Neutral,Neutral
333,Neutral,Positive
334,Negative,Neutral
335,Negative,Neutral
336,Negative,Neutral
337,Neutral,Positive
338,Neutral,Neutral
339,Neutral,Positive
340,Neutral,Positive
341,Neutral,Neutral
342,Positive,Neutral
343,Neutral,Neutral
344,Neutral,Neutral
345,Neutral,Neutral
346,Negative,Neutral
347,Negative,Neutral
348,Positive,Neutral
349,Neutral,Negative
350,Negative,Neutral
351,Negative,Negative
352,Negative,Positive
353,Neutral,Neutral
354,Neutral,Neutral
355,Neutral,Neutral
356,Negative,Neutral
357,Neutral,Neutral
358,Negative,Positive
359,Neutral,Negative
360,Positive,Positive
361,Neutral,Negative
362,Negative,Neutral
363,Neutral,Neutral
364,Neutral,Neutral
365,Negative,Negative
366,Neutral,Neutral
367,Neutral,Positive
368,Neutral,Neutral
369,Positive,Neutral
370,Neutral,Neutral
371,Neutral,Positive
372,Negative,Neutral
373,Negative,Negative
374,Negative,Negative
375,Neutral,Neutral
376,Neutral,Neutral
377,Neutral,Neutral
378,Negative,Neutral
379,Neutral,Neutral
380,Negative,Neutral
381,Negative,Neutral
382,Neutral,Neutral
383,Neutral,Neutral
384,Negative,Neutral
385,Negative,Positive
386,Positive,Neutral
387,Neutral,Neutral
388,Negative,Neutral
389,Neutral,Neutral
390,Negative,Neutral
391,Positive,Positive
392,Negative,Neutral
393,Positive,Neutral
394,Positive,Neutral
395,Neutral,Neutral
396,Neutral,Negative
397,Neutral,Neutral
398,Positive,Positive
399,Neutral,Positive
400,Neutral,Neutral
401,Negative,Negative
402,Negative,Neutral
403,Negative,Neutral
404,Negative,Neutral
405,Negative,Neutral
406,Negative,Neutral
407,Neutral,Neutral
408,Neutral,Neutral
409,Neutral,Neutral
410,Positive,Neutral
411,Positive,Neutral
412,Neutral,Neutral
413,Positive,Neutral
414,Neutral,Neutral
415,Neutral,Neutral
416,Negative,Neutral
417,Neutral,Neutral
418,Neutral,Neutral
419,Positive,Positive
420,Neutral,Neutral
421,Neutral,Neutral
422,Negative,Neutral
423,Negative,Neutral
424,Negative,Neutral
425,Neutral,Neutral
426,Negative,Neutral
427,Neutral,Neutral
428,Negative,Neutral
429,Negative,Neutral
430,Negative,Neutral
431,Neutral,Neutral
432,Negative,Neutral
433,Neutral,Neutral
434,Negative,Neutral
435,Negative,Neutral
436,Neutral,Neutral
437,Neutral,Neutral
438,Negative,Neutral
439,Neutral,Neutral
440,Neutral,Positive
441,Neutral,Neutral
442,Neutral,Positive
443,Neutral,Neutral
444,Neutral,Neutral
445,Neutral,Neutral
446,Negative,Neutral
447,Negative,Neutral
448,Negative,Neutral
449,Neutral,Neutral
450,Negative,Neutral
451,Positive,Positive
452,Negative,Neutral
453,Neutral,Neutral
454,Negative,Neutral
455,Neutral,Neutral
456,Neutral,Neutral
457,Neutral,Negative
458,Negative,Neutral
459,Neutral,Neutral
460,Neutral,Neutral
461,Neutral,Neutral
462,Neutral,Neutral
463,Neutral,Neutral
464,Neutral,Neutral
465,Neutral,Neutral
466,Negative,Negative
467,Neutral,Neutral
468,Negative,Neutral
469,Neutral,Neutral
470,Negative,Neutral
471,Positive,Neutral
472,Positive,Neutral
473,Neutral,Neutral
474,Neutral,Neutral
475,Negative,Neutral
476,Neutral,Neutral
477,Neutral,Neutral
478,Negative,Neutral
479,Neutral,Neutral
480,Neutral,Neutral
481,Positive,Neutral
482,Neutral,Neutral
483,Neutral,Neutral
484,Neutral,Neutral
485,Neutral,Neutral
486,Neutral,Neutral
487,Neutral,Neutral
488,Neutral,Neutral
489,Positive,Neutral
490,Neutral,Neutral
491,Neutral,Neutral
492,Neutral,Neutral
493,Negative,Neutral
494,Neutral,Negative
495,Neutral,Neutral
496,Neutral,Neutral
497,Neutral,Positive
498,Neutral,Neutral
499,Neutral,Neutral
500,Neutral,Neutral
501,Neutral,Neutral
502,Neutral,Neutral
503,Negative,Neutral
504,Neutral,Neutral
505,Positive,Neutral
506,Neutral,Neutral
507,Positive,Positive
508,Neutral,Neutral
509,Neutral,Neutral
510,Positive,Neutral
511,Neutral,Neutral
512,Neutral,Positive
513,Neutral,Negative
514,Positive,Neutral
515,Negative,Neutral
516,Neutral,Neutral
517,Neutral,Neutral
518,Neutral,Neutral
519,Neutral,Neutral
520,Neutral,Neutral
521,Positive,Negative
522,Positive,Neutral
523,Positive,Positive
524,Negative,Neutral
525,Positive,Positive
526,Positive,Neutral
527,Neutral,Neutral
528,Neutral,Neutral
529,Neutral,Positive
530,Neutral,Neutral
531,Neutral,Neutral
532,Negative,Negative
533,Neutral,Neutral
534,Neutral,Neutral
535,Neutral,Neutral
536,Positive,Positive
537,Positive,Positive
538,Neutral,Neutral
539,Negative,Neutral
540,Positive,Neutral
541,Positive,Neutral
542,Neutral,Neutral
543,Neutral,Neutral
544,Positive,Positive
545,Neutral,Neutral
546,Positive,Positive
547,Positive,Negative
548,Neutral,Neutral
549,Neutral,Neutral
550,Positive,Neutral
551,Neutral,Neutral
552,Negative,Neutral
553,Neutral,Positive
554,Neutral,Neutral
555,Negative,Neutral
556,Positive,Neutral
557,Negative,Neutral
558,Positive,Positive
559,Neutral,Neutral
560,Neutral,Neutral
561,Neutral,Neutral
562,Positive,Positive
563,Neutral,Neutral
564,Neutral,Neutral
565,Neutral,Neutral
566,Neutral,Neutral
567,Negative,Neutral
568,Negative,Neutral
569,Neutral,Neutral
570,Negative,Neutral
571,Neutral,Neutral
572,Neutral,Neutral
573,Positive,Neutral
574,Neutral,Neutral
575,Neutral,Neutral
576,Negative,Neutral
577,Negative,Neutral
578,Neutral,Neutral
579,Neutral,Neutral
580,Neutral,Neutral
581,Neutral,Neutral
582,Negative,Neutral
583,Negative,Neutral
584,Neutral,Neutral
585,Negative,Neutral
586,Neutral,Neutral
587,Neutral,Neutral
588,Negative,Neutral
589,Negative,Neutral
590,Negative,Neutral
591,Neutral,Neutral
592,Positive,Positive
593,Neutral,Neutral
594,Negative,Neutral
595,Positive,Neutral
596,Negative,Neutral
597,Neutral,Neutral
598,Neutral,Neutral
599,Neutral,Neutral
600,Neutral,Neutral
601,Positive,Positive
602,Neutral,Neutral
603,Positive,Neutral
604,Neutral,Neutral
605,Neutral,Neutral
606,Neutral,Neutral
607,Neutral,Neutral
608,Neutral,Neutral
609,Neutral,Negative
610,Neutral,Neutral
611,Neutral,Neutral
612,Neutral,Neutral
613,Neutral,Neutral
614,Neutral,Neutral
615,Neutral,Neutral
616,Negative,Positive
617,Negative,Negative
618,Positive,Neutral
619,Neutral,Neutral
620,Neutral,Neutral
621,Neutral,Neutral
622,Neutral,Neutral
623,Positive,Positive
624,Neutral,Neutral
625,Negative,Positive
626,Neutral,Neutral
627,Negative,Neutral
628,Neutral,Neutral
629,Positive,Neutral
630,Negative,Neutral
631,Neutral,Neutral
632,Negative,Neutral
633,Negative,Neutral
634,Negative,Neutral
635,Positive,Positive
636,Negative,Neutral
637,Negative,Negative
638,Positive,Neutral
639,Negative,Neutral
640,Positive,Positive
641,Positive,Neutral
642,Neutral,Neutral
643,Neutral,Neutral
644,Positive,Neutral
645,Negative,Neutral
646,Neutral,Neutral
647,Neutral,Neutral
648,Negative,Neutral
649,Positive,Neutral
650,Negative,Neutral
651,Negative,Neutral
652,Negative,Neutral
653,Neutral,Neutral
654,Neutral,Negative
655,Positive,Positive
656,Positive,Neutral
657,Neutral,Neutral
658,Neutral,Neutral
659,Positive,Negative
660,Negative,Neutral
661,Neutral,Neutral
662,Negative,Neutral
663,Neutral,Neutral
664,Positive,Neutral
665,Positive,Neutral
666,Positive,Neutral
667,Positive,Neutral
668,Neutral,Positive
669,Negative,Neutral
670,Neutral,Neutral
671,Neutral,Neutral
672,Neutral,Neutral
673,Positive,Positive
674,Neutral,Neutral
675,Negative,Neutral
676,Negative,Neutral
677,Neutral,Neutral
678,Neutral,Neutral
679,Positive,Neutral
680,Positive,Neutral
681,Positive,Neutral
682,Neutral,Neutral
683,Positive,Positive
684,Neutral,Neutral
685,Positive,Neutral
686,Positive,Positive
687,Positive,Positive
688,Neutral,Neutral
689,Positive,Positive
690,Negative,Neutral
691,Negative,Neutral
692,Positive,Neutral
693,Negative,Neutral
694,Negative,Neutral
695,Positive,Neutral
696,Neutral,Neutral
697,Negative,Negative
698,Negative,Neutral
699,Negative,Neutral
700,Negative,Neutral
701,Negative,Neutral
702,Neutral,Neutral
703,Neutral,Neutral
704,Neutral,Neutral
705,Neutral,Neutral
706,Negative,Neutral
707,Neutral,Neutral
708,Negative,Neutral
709,Negative,Neutral
710,Negative,Neutral
711,Neutral,Negative
712,Negative,Neutral
713,Negative,Neutral
714,Neutral,Neutral
715,Neutral,Positive
716,Negative,Neutral
717,Positive,Neutral
718,Positive,Neutral
719,Negative,Neutral
720,Neutral,Neutral
721,Neutral,Positive
722,Positive,Positive
723,Negative,Neutral
724,Negative,Neutral
725,Positive,Neutral
726,Neutral,Neutral
727,Negative,Neutral
728,Negative,Neutral
729,Neutral,Neutral
730,Neutral,Neutral
731,Negative,Neutral
732,Negative,Neutral
733,Negative,Neutral
734,Positive,Negative
735,Neutral,Neutral
736,Neutral,Neutral
737,Negative,Neutral
738,Neutral,Neutral
739,Negative,Neutral
740,Positive,Neutral
741,Positive,Neutral
742,Negative,Negative
743,Negative,Neutral
744,Negative,Neutral
745,Positive,Neutral
746,Neutral,Neutral
747,Negative,Neutral
748,Negative,Neutral
749,Negative,Neutral
750,Positive,Neutral
751,Positive,Neutral
752,Positive,Neutral
753,Positive,Neutral
754,Neutral,Neutral
755,Neutral,Neutral
756,Negative,Neutral
757,Neutral,Neutral
758,Positive,Positive
759,Positive,Positive
760,Neutral,Neutral
761,Positive,Neutral
762,Negative,Neutral
763,Neutral,Negative
764,Negative,Neutral
765,Positive,Positive
766,Neutral,Positive
767,Positive,Positive
768,Neutral,Neutral
769,Neutral,Neutral
770,Negative,Neutral
771,Negative,Neutral
772,Negative,Neutral
773,Negative,Neutral
774,Positive,Positive
775,Neutral,Neutral
776,Positive,Neutral
777,Positive,Positive
778,Neutral,Neutral
779,Negative,Neutral
780,Negative,Neutral
781,Negative,Neutral
782,Positive,Neutral
783,Negative,Neutral
784,Neutral,Negative
785,Positive,Positive
786,Negative,Neutral
787,Neutral,Neutral
788,Positive,Positive
789,Neutral,Positive
790,Neutral,Neutral
791,Negative,Neutral
792,Positive,Positive
793,Neutral,Neutral
794,Positive,Neutral
795,Negative,Neutral
796,Negative,Neutral
797,Positive,Positive
798,Negative,Neutral
799,Negative,Negative
800,Positive,Negative
801,Negative,Neutral
802,Positive,Positive
803,Negative,Positive
804,Neutral,Positive
805,Neutral,Neutral
806,Neutral,Positive
807,Neutral,Neutral
808,Positive,Positive
809,Negative,Positive
810,Negative,Positive
811,Neutral,Positive
812,Neutral,Positive
813,Positive,Positive
814,Neutral,Neutral
815,Positive,Negative
816,Neutral,Positive
817,Positive,Positive
818,Positive,Positive
819,Positive,Positive
820,Neutral,Neutral
821,Positive,Neutral
822,Positive,Positive
823,Positive,Positive
824,Neutral,Neutral
825,Negative,Neutral
826,Neutral,Positive
827,Negative,Negative
828,Neutral,Neutral
829,Positive,Negative
830,Positive,Positive
831,Positive,Positive
832,Positive,Neutral
833,Positive,Positive
834,Positive,Neutral
835,Positive,Positive
836,Positive,Negative
837,Positive,Positive
838,Positive,Positive
839,Positive,Positive
840,Neutral,Positive
841,Positive,Neutral
842,Positive,Positive
843,Positive,Positive
844,Positive,Positive
845,Positive,Negative
846,Positive,Positive
847,Positive,Positive
848,Neutral,Neutral
849,Positive,Positive
850,Positive,Positive
851,Negative,Positive
852,Positive,Positive
853,Positive,Positive
854,Positive,Positive
855,Neutral,Neutral
856,Positive,Positive
857,Positive,Neutral
858,Positive,Negative
859,Positive,Neutral
860,Positive,Positive
861,Positive,Positive
862,Positive,Positive
863,Positive,Neutral
864,Positive,Neutral
865,Positive,Positive
866,Positive,Positive
867,Neutral,Neutral
868,Neutral,Neutral
869,Positive,Positive
870,Positive,Positive
871,Positive,Neutral
872,Positive,Neutral
873,Neutral,Neutral
874,Negative,Neutral
875,Positive,Neutral
876,Negative,Neutral
877,Neutral,Neutral
878,Positive,Neutral
879,Positive,Positive
880,Neutral,Neutral
881,Positive,Positive
882,Neutral,Neutral
883,Positive,Neutral
884,Positive,Positive
885,Positive,Neutral
886,Positive,Positive
887,Positive,Positive
888,Negative,Positive
889,Positive,Positive
890,Negative,Positive
891,Neutral,Negative
892,Positive,Positive
893,Negative,Neutral
894,Neutral,Neutral
895,Neutral,Positive
896,Negative,Neutral
897,Neutral,Neutral
898,Positive,Neutral
899,Positive,Positive
900,Positive,Positive
901,Negative,Positive
902,Positive,Positive
903,Neutral,Neutral
904,Positive,Neutral
905,Neutral,Negative
906,Positive,Positive
907,Positive,Negative
908,Neutral,Positive
909,Neutral,Positive
910,Neutral,Neutral
911,Neutral,Neutral
912,Positive,Positive
913,Negative,Negative
914,Positive,Positive
915,Neutral,Positive
916,Neutral,Positive
917,Positive,Neutral
918,Positive,Neutral
919,Positive,Positive
920,Negative,Neutral
921,Positive,Neutral
922,Negative,Positive
923,Neutral,Neutral
924,Positive,Neutral
925,Positive,Positive
926,Positive,Neutral
927,Negative,Negative
928,Positive,Neutral
929,Positive,Neutral
930,Neutral,Positive
931,Positive,Negative
932,Positive,Positive
933,Neutral,Neutral
934,Negative,Neutral
935,Positive,Neutral
936,Neutral,Positive
937,Positive,Neutral
938,Neutral,Neutral
939,Positive,Neutral
940,Positive,Positive
941,Positive,Negative
942,Negative,Neutral
943,Positive,Positive
944,Positive,Positive
945,Neutral,Neutral
946,Negative,Negative
947,Positive,Neutral
948,Positive,Positive
949,Positive,Positive
950,Positive,Positive
951,Neutral,Neutral
952,Positive,Positive
953,Positive,Positive
954,Positive,Negative
955,Positive,Neutral
956,Neutral,Positive
957,Positive,Negative
958,Neutral,Positive
959,Positive,Positive
960,Negative,Neutral
961,Positive,Positive
962,Positive,Positive
963,Positive,Positive
964,Neutral,Neutral
965,Positive,Positive
966,Positive,Positive
967,Neutral,Neutral
968,Positive,Negative
969,Neutral,Positive
970,Neutral,Negative
971,Positive,Positive
972,Positive,Neutral
973,Positive,Neutral
974,Positive,Neutral
975,Positive,Positive
976,Positive,Positive
977,Positive,Neutral
978,Positive,Positive
979,Neutral,Positive
980,Neutral,Neutral
981,Positive,Neutral
982,Negative,Neutral
983,Positive,Neutral
984,Positive,Neutral
985,Positive,Positive
986,Neutral,Neutral
987,Positive,Neutral
988,Negative,Neutral
989,Positive,Neutral
990,Neutral,Neutral
991,Positive,Positive
992,Positive,Positive
993,Positive,Positive
994,Negative,Neutral
995,Neutral,Neutral
996,Neutral,Neutral
997,Positive,Neutral
998,Neutral,Neutral
999,Positive,Positive
